Workbook

Sheet xP
B1: gw | C1: total_xP | D1: actual_points | E1: player1 | F1: player2 | G1: player3 | H1: player4 | I1: player5 | J1: player6 | K1: player7 | L1: player8 | M1: player9 | N1: player10 | O1: player11 | P1: mae | Q1: total_players
A2: 1 | B2: 1 | C2: 50.4 | D2: 54 | E2: Trent Alexander-Arnold | F2: Andrew Robertson | G2: Erling Haaland | H2: Ederson Santana de Moraes | I2: Virgil van Dijk | J2: JoÃ£o Cancelo | K2: Ben Chilwell | L2: Kai Havertz | M2: Gabriel Martinelli Silva | N2: Christian Pulisic | O2: Bruno GuimarÃ£es Rodriguez Moura | P2: 1.4486911 | Q2: 573
A3: 2 | B3: 2 | C3: 117 | D3: 125 | E3: Kevin De Bruyne | F3: Gabriel Fernando de Jesus | G3: Rodrigo Moreno | H3: Erling Haaland | I3: JoÃ£o Cancelo | J3: Fabian SchÃ¤r | K3: JosÃ© Malheiro de SÃ¡ | L3: Pascal GroÃŸ | M3: Gabriel Martinelli Silva | N3: Ivan Toney | O3: Kieran Trippier | P3: 0.93253012 | Q3: 581
A4: 3 | B4: 3 | C4: 101.8 | D4: 99 | E4: Rodrigo Moreno | F4: Kevin De Bruyne | G4: Gabriel Fernando de Jesus | H4: Erling Haaland | I4: Ivan Toney | J4: William Saliba | K4: Ilkay GÃ¼ndogan | L4: Pascal GroÃŸ | M4: Oleksandr Zinchenko | N4: Dean Henderson | O4: Ivan PeriÅ¡iÄ‡ | P4: 1.0194257 | Q4: 592
A5: 4 | B5: 4 | C5: 101.5 | D5: 133 | E5: Erling Haaland | F5: Pascal GroÃŸ | G5: Martin Ã˜degaard | H5: Rodrigo Moreno | I5: Luis DÃ­az | J5: William Saliba | K5: Roberto Firmino | L5: Harry Kane | M5: Robert SÃ¡nchez | N5: Gabriel dos Santos MagalhÃ£es | O5: Ivan PeriÅ¡iÄ‡ | P5: 1.0387687 | Q5: 601
A6: 5 | B6: 5 | C6: 96.6 | D6: 85 | E6: Erling Haaland | F6: Pascal GroÃŸ | G6: Roberto Firmino | H6: JoÃ£o Cancelo | I6: Bernardo Veiga de Carvalho e Silva | J6: Gabriel Martinelli Silva | K6: Rodrigo Moreno | L6: Luis DÃ­az | M6: William Saliba | N6: JosÃ© Malheiro de SÃ¡ | O6: Gabriel dos Santos MagalhÃ£es | P6: 1.0182566 | Q6: 608
A7: 6 | B7: 6 | C7: 93.3 | D7: 84 | E7: Erling Haaland | F7: Ivan Toney | G7: Roberto Firmino | H7: Alexis Mac Allister | I7: Marcus Rashford | J7: Bernardo Veiga de Carvalho e Silva | K7: Luis DÃ­az | L7: JosÃ© Malheiro de SÃ¡ | M7: JoÃ£o Cancelo | N7: Ivan PeriÅ¡iÄ‡ | O7: Trent Alexander-Arnold | P7: 1.0698718 | Q7: 624
A8: 7 | B8: 8 | C8: 89.8 | D8: 81 | E8: Erling Haaland | F8: Harry Kane | G8: JoÃ£o Cancelo | H8: Bernardo Veiga de Carvalho e Silva | I8: Bukayo Saka | J8: Aleksandar MitroviÄ‡ | K8: William Saliba | L8: Pierre-Emile HÃ¸jbjerg | M8: Nick Pope | N8: Conor Coady | O8: Gabriel dos Santos MagalhÃ£es | P8: 0.94636364 | Q8: 440
A9: 8 | B9: 9 | C9: 135 | D9: 160 | E9: Erling Haaland | F9: Leandro Trossard | G9: Phil Foden | H9: Roberto Firmino | I9: Illan Meslier | J9: Son Heung-min | K9: Pierre-Emerick Aubameyang | L9: James Maddison | M9: Tyrone Mings | N9: Conor Coady | O9: Ashley Young | P9: 0.73761755 | Q9: 638
A10: 9 | B10: 10 | C10: 118.3 | D10: 83 | E10: Phil Foden | F10: Erling Haaland | G10: Leandro Trossard | H10: JoÃ£o Cancelo | I10: Son Heung-min | J10: Roberto Firmino | K10: James Maddison | L10: Ashley Young | M10: Miguel AlmirÃ³n Rejala | N10: Illan Meslier | O10: Tyrone Mings | P10: 0.84087363 | Q10: 641
A11: 10 | B11: 11 | C11: 97.8 | D11: 62 | E11: Phil Foden | F11: Mason Mount | G11: Bukayo Saka | H11: Erling Haaland | I11: Harry Kane | J11: Leandro Trossard | K11: JoÃ£o Cancelo | L11: Miguel AlmirÃ³n Rejala | M11: Kepa Arrizabalaga | N11: Ashley Young | O11: William Saliba | P11: 0.9118196 | Q11: 643
A12: 11 | B12: 12 | C12: 0 | D12: 3 | E12: Luka Milivojevic | F12: Sam Greenwood | G12: Carlos Ribeiro Dias | H12: Marvelous Nakamba | I12: Nampalys Mendy | J12: Carney Chukwuemeka | K12: Cameron Archer | L12: Daniel Iversen | M12: Robert Kenedy Nunes do Nascimento | N12: Leo Fuhr Hjelde | O12: James Tomkins | P12: 1.3931624 | Q12: 585
A13: 12 | B13: 13 | C13: 97.7 | D13: 79 | E13: Erling Haaland | F13: Phil Foden | G13: Alisson Ramses Becker | H13: Miguel AlmirÃ³n Rejala | I13: Timothy Castagne | J13: Mason Mount | K13: Harry Kane | L13: JoÃ£o Cancelo | M13: Granit Xhaka | N13: Roberto Firmino | O13: Kieran Trippier | P13: 1.0674383 | Q13: 648
... A38: 37 | B38: 38 | C38: 87.5 | D38: 85 | E38: Mohamed Salah | F38: Harry Kane | G38: Taiwo Awoniyi | H38: Granit Xhaka | I38: Callum Wilson | J38: Trent Alexander-Arnold | K38: Martin Ã˜degaard | L38: Eberechi Eze | M38: Alisson Ramses Becker | N38: Pedro Porro | O38: Jakub Kiwior | P38: 0.83393316 | Q38: 778

Sheet xPMin
B1: gw | C1: total_xP | D1: actual_points | E1: player1 | F1: player2 | G1: player3 | H1: player4 | I1: player5 | J1: player6 | K1: player7 | L1: player8 | M1: player9 | N1: player10 | O1: player11 | P1: mae | Q1: total_players
A2: 1 | B2: 1 | C2: 50.4 | D2: 54 | E2: Trent Alexander-Arnold | F2: Andrew Robertson | G2: Erling Haaland | H2: Ederson Santana de Moraes | I2: Virgil van Dijk | J2: JoÃ£o Cancelo | K2: Ben Chilwell | L2: Kai Havertz | M2: Gabriel Martinelli Silva | N2: Christian Pulisic | O2: Bruno GuimarÃ£es Rodriguez Moura | P2: 1.4486911 | Q2: 573
A3: 2 | B3: 2 | C3: 117 | D3: 125 | E3: Kevin De Bruyne | F3: Gabriel Fernando de Jesus | G3: Rodrigo Moreno | H3: Erling Haaland | I3: JoÃ£o Cancelo | J3: Fabian SchÃ¤r | K3: JosÃ© Malheiro de SÃ¡ | L3: Pascal GroÃŸ | M3: Gabriel Martinelli Silva | N3: Ivan Toney | O3: Kieran Trippier | P3: 0.93253012 | Q3: 581
A4: 3 | B4: 3 | C4: 101.8 | D4: 99 | E4: Rodrigo Moreno | F4: Kevin De Bruyne | G4: Gabriel Fernando de Jesus | H4: Erling Haaland | I4: Ivan Toney | J4: William Saliba | K4: Ilkay GÃ¼ndogan | L4: Pascal GroÃŸ | M4: Oleksandr Zinchenko | N4: Dean Henderson | O4: Ivan PeriÅ¡iÄ‡ | P4: 1.0194257 | Q4: 592
A5: 4 | B5: 4 | C5: 101.5 | D5: 133 | E5: Erling Haaland | F5: Pascal GroÃŸ | G5: Martin Ã˜degaard | H5: Rodrigo Moreno | I5: Luis DÃ­az | J5: William Saliba | K5: Roberto Firmino | L5: Harry Kane | M5: Robert SÃ¡nchez | N5: Gabriel dos Santos MagalhÃ£es | O5: Ivan PeriÅ¡iÄ‡ | P5: 1.0387687 | Q5: 601
A6: 5 | B6: 5 | C6: 89.254873 | D6: 92 | E6: Erling Haaland | F6: Mohamed Salah | G6: Pascal GroÃŸ | H6: Gabriel Martinelli Silva | I6: Martin Ã˜degaard | J6: Rodrigo Moreno | K6: JoÃ£o Cancelo | L6: Aleksandar MitroviÄ‡ | M6: JosÃ© Malheiro de SÃ¡ | N6: William Saliba | O6: Kyle Walker | P6: 0.87089154 | Q6: 608
A7: 6 | B7: 6 | C7: 85.91055 | D7: 108 | E7: Erling Haaland | F7: Alexis Mac Allister | G7: Harry Kane | H7: Marcus Rashford | I7: Ivan Toney | J7: Luis DÃ­az | K7: Bernardo Veiga de Carvalho e Silva | L7: JosÃ© Malheiro de SÃ¡ | M7: Virgil van Dijk | N7: Nathan Collins | O7: Max Kilman | P7: 0.95572252 | Q7: 624
A8: 7 | B8: 8 | C8: 81.914583 | D8: 74 | E8: Erling Haaland | F8: Harry Kane | G8: Bukayo Saka | H8: Bernardo Veiga de Carvalho e Silva | I8: Aleksandar MitroviÄ‡ | J8: Pierre-Emile HÃ¸jbjerg | K8: William Saliba | L8: John Stones | M8: Nick Pope | N8: Anthony Gordon | O8: Conor Coady | P8: 0.88402172 | Q8: 440
A9: 8 | B9: 9 | C9: 122.71968 | D9: 173 | E9: Leandro Trossard | F9: Erling Haaland | G9: Phil Foden | H9: Illan Meslier | I9: James Maddison | J9: Roberto Firmino | K9: Jarrod Bowen | L9: Miguel AlmirÃ³n Rejala | M9: Tyrone Mings | N9: Conor Coady | O9: Thiago Emiliano da Silva | P9: 0.80849143 | Q9: 638
A10: 9 | B10: 10 | C10: 108.17563 | D10: 92 | E10: Phil Foden | F10: Erling Haaland | G10: Leandro Trossard | H10: James Maddison | I10: JoÃ£o Cancelo | J10: Bukayo Saka | K10: Miguel AlmirÃ³n Rejala | L10: Ashley Young | M10: Illan Meslier | N10: Roberto Firmino | O10: Tyrone Mings | P10: 0.86818783 | Q10: 641
A11: 10 | B11: 11 | C11: 92.151086 | D11: 69 | E11: Bukayo Saka | F11: Mason Mount | G11: Erling Haaland | H11: Leandro Trossard | I11: Harry Kane | J11: Phil Foden | K11: Miguel AlmirÃ³n Rejala | L11: Kepa Arrizabalaga | M11: JoÃ£o Cancelo | N11: Ashley Young | O11: William Saliba | P11: 0.89220621 | Q11: 643
A12: 11 | B12: 12 | C12: 0 | D12: 3 | E12: Luka Milivojevic | F12: Sam Greenwood | G12: Carlos Ribeiro Dias | H12: Marvelous Nakamba | I12: Nampalys Mendy | J12: Carney Chukwuemeka | K12: Cameron Archer | L12: Daniel Iversen | M12: Robert Kenedy Nunes do Nascimento | N12: Leo Fuhr Hjelde | O12: James Tomkins | P12: 1.3931624 | Q12: 585
A13: 12 | B13: 13 | C13: 90.62514 | D13: 89 | E13: Erling Haaland | F13: Miguel AlmirÃ³n Rejala | G13: Alisson Ramses Becker | H13: Phil Foden | I13: Granit Xhaka | J13: Harry Kane | K13: Timothy Castagne | L13: Mason Mount | M13: Alex Iwobi | N13: JoÃ£o Cancelo | O13: Kieran Trippier | P13: 0.94317238 | Q13: 648
... A38: 37 | B38: 38 | C38: 82.293613 | D38: 76 | E38: Mohamed Salah | F38: Harry Kane | G38: Eberechi Eze | H38: Dwight McNeil | I38: Abdoulaye DoucourÃ© | J38: Martin Ã˜degaard | K38: Trent Alexander-Arnold | L38: Taiwo Awoniyi | M38: Aaron Ramsdale | N38: Virgil van Dijk | O38: Jakub Kiwior | P38: 0.79427613 | Q38: 778

Sheet Best
B1: gw | C1: total_xP | D1: actual_points | E1: player1 | F1: player2 | G1: player3 | H1: player4 | I1: player5 | J1: player6 | K1: player7 | L1: player8 | M1: player9 | N1: player10 | O1: player11 | P1: mae | Q1: total_players
A2: 1 | B2: 1 | C2: 57.1 | D2: 49 | E2: Trent Alexander-Arnold | F2: Dejan Kulusevski | G2: Jarrod Bowen | H2: Virgil van Dijk | I2: James Maddison | J2: Bukayo Saka | K2: Alisson Ramses Becker | L2: Aymeric Laporte | M2: James Ward-Prowse | N2: Hugo Lloris | O2: Ivan Toney | P2: 1.4319481 | Q2: 385
A3: 2 | B3: 2 | C3: 57.2 | D3: 34 | E3: Trent Alexander-Arnold | F3: Dejan Kulusevski | G3: Jarrod Bowen | H3: Harry Kane | I3: Virgil van Dijk | J3: Alisson Ramses Becker | K3: Philippe Coutinho Correia | L3: James Ward-Prowse | M3: Hugo Lloris | N3: Ederson Santana de Moraes | O3: Bruno GuimarÃ£es Rodriguez Moura | P3: 1.6282383 | Q3: 386
A4: 3 | B4: 3 | C4: 57.3 | D4: 35 | E4: Trent Alexander-Arnold | F4: Dejan Kulusevski | G4: Jarrod Bowen | H4: Virgil van Dijk | I4: James Maddison | J4: Bukayo Saka | K4: Alisson Ramses Becker | L4: Philippe Coutinho Correia | M4: Aymeric Laporte | N4: Hugo Lloris | O4: Ivan Toney | P4: 1.5685567 | Q4: 388
A5: 4 | B5: 4 | C5: 57.6 | D5: 80 | E5: Trent Alexander-Arnold | F5: Dejan Kulusevski | G5: Jarrod Bowen | H5: Harry Kane | I5: Andrew Robertson | J5: Alisson Ramses Becker | K5: Philippe Coutinho Correia | L5: Aymeric Laporte | M5: James Ward-Prowse | N5: Hugo Lloris | O5: Ederson Santana de Moraes | P5: 1.4402564 | Q5: 390
A6: 5 | B6: 5 | C6: 59.6 | D6: 41 | E6: Mohamed Salah | F6: Dejan Kulusevski | G6: Jarrod Bowen | H6: Andrew Robertson | I6: James Maddison | J6: Alisson Ramses Becker | K6: Philippe Coutinho Correia | L6: Aymeric Laporte | M6: Hugo Lloris | N6: Ederson Santana de Moraes | O6: Emmanuel Dennis | P6: 1.3272959 | Q6: 392
A7: 6 | B7: 6 | C7: 57.4 | D7: 39 | E7: Dejan Kulusevski | F7: Jarrod Bowen | G7: Harry Kane | H7: Andrew Robertson | I7: Virgil van Dijk | J7: Bukayo Saka | K7: Alisson Ramses Becker | L7: Philippe Coutinho Correia | M7: Aymeric Laporte | N7: Hugo Lloris | O7: Ederson Santana de Moraes | P7: 1.5911392 | Q7: 395
A8: 7 | B8: 8 | C8: 55.3 | D8: 52 | E8: Dejan Kulusevski | F8: Jarrod Bowen | G8: Harry Kane | H8: James Maddison | I8: Bukayo Saka | J8: Philippe Coutinho Correia | K8: Aymeric Laporte | L8: Hugo Lloris | M8: Ederson Santana de Moraes | N8: JosÃ© Malheiro de SÃ¡ | O8: Lukasz Fabianski | P8: 1.475 | Q8: 260
A9: 8 | B9: 9 | C9: 58.2 | D9: 48 | E9: Trent Alexander-Arnold | F9: Dejan Kulusevski | G9: Jarrod Bowen | H9: Harry Kane | I9: Andrew Robertson | J9: James Maddison | K9: Alisson Ramses Becker | L9: Philippe Coutinho Correia | M9: Aymeric Laporte | N9: Hugo Lloris | O9: Ederson Santana de Moraes | P9: 1.59025 | Q9: 400
A10: 9 | B10: 10 | C10: 59.8 | D10: 67 | E10: Mohamed Salah | F10: Trent Alexander-Arnold | G10: Dejan Kulusevski | H10: Jarrod Bowen | I10: Bukayo Saka | J10: Alisson Ramses Becker | K10: Aymeric Laporte | L10: Hugo Lloris | M10: Ederson Santana de Moraes | N10: Bruno GuimarÃ£es Rodriguez Moura | O10: Michail Antonio | P10: 1.4226933 | Q10: 401
A11: 10 | B11: 11 | C11: 58.1 | D11: 46 | E11: Trent Alexander-Arnold | F11: Dejan Kulusevski | G11: Jarrod Bowen | H11: Harry Kane | I11: Virgil van Dijk | J11: James Maddison | K11: Alisson Ramses Becker | L11: Philippe Coutinho Correia | M11: Aymeric Laporte | N11: Hugo Lloris | O11: Ederson Santana de Moraes | P11: 1.5369077 | Q11: 401
A12: 11 | B12: 12 | C12: 57.6 | D12: 47 | E12: Trent Alexander-Arnold | F12: Dejan Kulusevski | G12: Jarrod Bowen | H12: Harry Kane | I12: Andrew Robertson | J12: James Maddison | K12: Alisson Ramses Becker | L12: Mason Mount | M12: Hugo Lloris | N12: Bruno GuimarÃ£es Rodriguez Moura | O12: JosÃ© Malheiro de SÃ¡ | P12: 1.6410326 | Q12: 368
A13: 12 | B13: 13 | C13: 58.1 | D13: 30 | E13: Trent Alexander-Arnold | F13: Dejan Kulusevski | G13: Jarrod Bowen | H13: Harry Kane | I13: Andrew Robertson | J13: Bukayo Saka | K13: Alisson Ramses Becker | L13: Philippe Coutinho Correia | M13: Aymeric Laporte | N13: Hugo Lloris | O13: Ederson Santana de Moraes | P13: 1.6640898 | Q13: 401
... A38: 37 | B38: 38 | C38: 59.2 | D38: 24 | E38: Mohamed Salah | F38: Dejan Kulusevski | G38: Jarrod Bowen | H38: Andrew Robertson | I38: James Maddison | J38: Alisson Ramses Becker | K38: Aymeric Laporte | L38: Hugo Lloris | M38: Ederson Santana de Moraes | N38: JosÃ© Malheiro de SÃ¡ | O38: Michail Antonio | P38: 1.5327751 | Q38: 418

Sheet Comparison
C1: xP Model | G1: xPMin Model | K1: Past_Best Model | O1: Comparison
A2: id | B2: gw | C2: total_xP | D2: actual_points | E2: MAE | F2: Error | G2: total_xP | H2: actual_points | I2: MAE | J2: Error | K2: total_xP | L2: actual_points | M2: MAE | N2: Error | O2: Delta Points | P2: Delta xP
A3: 1 | B3: 1 | C3: 50.4 | D3: 54 | E3: =xP!P2 -> 1.4486911 | F3: =C3-D3 -> -3.6 | G3: 50.4 | H3: 54 | I3: =xPMin!P2 -> 1.4486911 | J3: =G3-H3 -> -3.6 | K3: 57.1 | L3: 49 | M3: 1.4319481 | N3: =K3-L3 -> 8.1 | O3: =H3-D3 -> 0 | P3: =G3-C3 -> 0
A4: 2 | B4: 2 | C4: 117 | D4: 125 | E4: =xP!P3 -> 0.93253012 | F4: =C4-D4 -> -8 | G4: 117 | H4: 125 | I4: =xPMin!P3 -> 0.93253012 | J4: =G4-H4 -> -8 | K4: 57.2 | L4: 34 | M4: 1.6282383 | N4: =K4-L4 -> 23.2 | O4: =H4-D4 -> 0 | P4: =G4-C4 -> 0
A5: 3 | B5: 3 | C5: 101.8 | D5: 99 | E5: =xP!P4 -> 1.0194257 | F5: =C5-D5 -> 2.8 | G5: 101.8 | H5: 99 | I5: =xPMin!P4 -> 1.0194257 | J5: =G5-H5 -> 2.8 | K5: 57.3 | L5: 35 | M5: 1.5685567 | N5: =K5-L5 -> 22.3 | O5: =H5-D5 -> 0 | P5: =G5-C5 -> 0
A6: 4 | B6: 4 | C6: 101.5 | D6: 133 | E6: =xP!P5 -> 1.0387687 | F6: =C6-D6 -> -31.5 | G6: 101.5 | H6: 133 | I6: =xPMin!P5 -> 1.0387687 | J6: =G6-H6 -> -31.5 | K6: 57.6 | L6: 80 | M6: 1.4402564 | N6: =K6-L6 -> -22.4 | O6: =H6-D6 -> 0 | P6: =G6-C6 -> 0
A7: 5 | B7: 5 | C7: 96.6 | D7: 85 | E7: =xP!P6 -> 1.0182566 | F7: =C7-D7 -> 11.6 | G7: 89.254873 | H7: 92 | I7: =xPMin!P6 -> 0.87089154 | J7: =G7-H7 -> -2.7451275 | K7: 59.6 | L7: 41 | M7: 1.3272959 | N7: =K7-L7 -> 18.6 | O7: =H7-D7 -> 7 | P7: =G7-C7 -> -7.3451275
A8: 6 | B8: 6 | C8: 93.3 | D8: 84 | E8: =xP!P7 -> 1.0698718 | F8: =C8-D8 -> 9.3 | G8: 85.91055 | H8: 108 | I8: =xPMin!P7 -> 0.95572252 | J8: =G8-H8 -> -22.08945 | K8: 57.4 | L8: 39 | M8: 1.5911392 | N8: =K8-L8 -> 18.4 | O8: =H8-D8 -> 24 | P8: =G8-C8 -> -7.3894504
A9: 7 | B9: 8 | C9: 89.8 | D9: 81 | E9: =xP!P8 -> 0.94636364 | F9: =C9-D9 -> 8.8 | G9: 81.914583 | H9: 74 | I9: =xPMin!P8 -> 0.88402172 | J9: =G9-H9 -> 7.914583 | K9: 55.3 | L9: 52 | M9: 1.475 | N9: =K9-L9 -> 3.3 | O9: =H9-D9 -> -7 | P9: =G9-C9 -> -7.885417
A10: 8 | B10: 9 | C10: 135 | D10: 160 | E10: =xP!P9 -> 0.73761755 | F10: =C10-D10 -> -25 | G10: 122.71968 | H10: 173 | I10: =xPMin!P9 -> 0.80849143 | J10: =G10-H10 -> -50.280325 | K10: 58.2 | L10: 48 | M10: 1.59025 | N10: =K10-L10 -> 10.2 | O10: =H10-D10 -> 13 | P10: =G10-C10 -> -12.280325
A11: 9 | B11: 10 | C11: 118.3 | D11: 83 | E11: =xP!P10 -> 0.84087363 | F11: =C11-D11 -> 35.3 | G11: 108.17563 | H11: 92 | I11: =xPMin!P10 -> 0.86818783 | J11: =G11-H11 -> 16.175631 | K11: 59.8 | L11: 67 | M11: 1.4226933 | N11: =K11-L11 -> -7.2 | O11: =H11-D11 -> 9 | P11: =G11-C11 -> -10.124369
A12: 10 | B12: 11 | C12: 97.8 | D12: 62 | E12: =xP!P11 -> 0.9118196 | F12: =C12-D12 -> 35.8 | G12: 92.151086 | H12: 69 | I12: =xPMin!P11 -> 0.89220621 | J12: =G12-H12 -> 23.151086 | K12: 58.1 | L12: 46 | M12: 1.5369077 | N12: =K12-L12 -> 12.1 | O12: =H12-D12 -> 7 | P12: =G12-C12 -> -5.6489136
A13: 11 | B13: 12 | C13: 0 | D13: 3 | E13: =xP!P12 -> 1.3931624 | F13: =C13-D13 -> -3 | G13: 0 | H13: 3 | I13: =xPMin!P12 -> 1.3931624 | J13: =G13-H13 -> -3 | K13: 57.6 | L13: 47 | M13: 1.6410326 | N13: =K13-L13 -> 10.6 | O13: =H13-D13 -> 0 | P13: =G13-C13 -> 0
A14: 12 | B14: 13 | C14: 97.7 | D14: 79 | E14: =xP!P13 -> 1.0674383 | F14: =C14-D14 -> 18.7 | G14: 90.62514 | H14: 89 | I14: =xPMin!P13 -> 0.94317238 | J14: =G14-H14 -> 1.6251402 | K14: 58.1 | L14: 30 | M14: 1.6640898 | N14: =K14-L14 -> 28.1 | O14: =H14-D14 -> 10 | P14: =G14-C14 -> -7.0748598
... A39: 37 | B39: 38 | C39: 87.5 | D39: 85 | E39: =xP!P38 -> 0.83393316 | F39: =C39-D39 -> 2.5 | G39: 82.293613 | H39: 76 | I39: =xPMin!P38 -> 0.79427613 | J39: =G39-H39 -> 6.2936135 | K39: 59.2 | L39: 24 | M39: 1.5327751 | N39: =K39-L39 -> 35.2 | O39: =H39-D39 -> -9 | P39: =G39-C39 -> -5.2063865
A40: Total | C40: =SUM(C3:C39) -> 3360.5 | D40: =SUM(D3:D39) -> 3269 | E40: =SUMPRODUCT(xP!P2:P38,xP!Q2:Q38)/SUM(xP!Q2:Q38) -> 0.88664189 | F40: =SUM(F3:F39) -> 91.5 | G40: =SUM(G3:G39) -> 3125.2657 | H40: =SUM(H3:H39) -> 3179 | I40: =SUMPRODUCT(xPMin!P2:P38,xPMin!Q2:Q38)/SUM(xPMin!Q2:Q38) -> 0.86177001 | J40: =SUM(J3:J39) -> -53.734324 | K40: =SUM(K3:K39) -> 2146.8 | L40: =SUM(L3:L39) -> 1607 | M40: =SUMPRODUCT(Best!P2:P38,Best!Q2:Q38)/SUM(Best!Q2:Q38) -> 1.5301183 | N40: =SUM(N3:N39) -> 539.8 | O40: =SUM(O3:O39) -> -90 | P40: =SUM(P3:P39) -> -235.23432
F41: =_xlfn.STDEV.S(F3:F39) -> 17.70569 | J41: =_xlfn.STDEV.S(J3:J39) -> 18.357218 | M41: =_xlfn.STDEV.S(M3:M39) -> 0.084521927
